id_cliente,nombre
1,MONICA ADELA CORTES MOLINA
2,SEGISMUNDO OSEAS MARTINEZ MENDEZ
3,LORENA DOROTEA MORALES GIL
4,ASCENSION BORJA NIETO CRESPO
5,BENIGNO HONORATO VICENTE RAMOS
6,BORJA EPIFANIA MOYA CRESPO
7,BORJA MONICA ALONSO CABRERA
8,JUANA VANESA CORTES CAMBIL
9,ADON ADAN MARTINEZ SANTOS
10,AMELIA CONCEPCION VICENTE SANCHEZ
11,MILAGROS ASUNCION LEON DELGADO
12,AMARO ENRIQUE BENITEZ VEGA
13,ROSA EUGENIA HIDALGO PEREZ
14,INMACULADA URSULA NAVARRO SOLER
15,AUGUSTO TEODOSIA MARQUEZ MARTINEZ
16,AUGUSTO HECTOR REY RAMOS
17,JESUS LUCAS NAVARRO DURAN
18,MILAGROS VANESA LOPEZ ARIAS
19,BARBARA CLAUDIA ROMERO MARIN
20,SOLEDAD CLOTILDE MEDINA VAZQUEZ
21,AURELIA CRISTINA GUERRERO PARRA
22,TERESA NATIVIDAD VELASCO CALVO
23,CONSUELO LEOCADIA PASTOR TORRES
24,ATANASIO CESAREO CRUZ LOPEZ
25,MELCHOR ROGELIO ORTEGA ROMERO
26,FATIMA MAGDALENA SERRANO SOTO
27,GLORIA CANDIDA PARRA ALVAREZ
28,FATIMA PETRONILA HERNANDEZ GUTIERREZ
29,EVA AURELIA MORALES CAMPOS
30,CLAUDIA SALOME SANCHEZ MEDINA
31,LUIS ABEL BLESA ESTEBAN
32,XAVIER RUBEN VARGAS HERRERA
33,ASCENSION PILAR LORENZO GUERRERO
34,ABELARDO MARIANO CRUZ SOTO
35,SILVIA MIRIAM RAMOS ORTIZ
36,VIRGILIO ISMAEL BLANCO BLANCO
37,AMELIA HILDEGARDA DIEZ ALONSO
38,LIDUVINA LORENA VARGAS VIDAL
39,FABIOLA CLAUDIA RODRIGUEZ CABALLERO
40,CARMEN NIEVES RAMIREZ CARMONA
41,AURORA TEOFILA DIAZ LORENZO
42,BORJA ELISA GARCIA GALLEGO
43,VENANCIO FELICIANO GOMEZ BRAVO
44,VICTORIA MANUELA MARQUEZ GUTIERREZ
45,BASILEO NORBERTO CRUZ RUIZ
46,SOLEDAD CLOTILDE SANTIAGO GOMEZ
47,MIRIAM EULALIA CASTILLO GUERRERO
48,MARINA CELINA RUBIO GARCIA
49,SARA EUGENIA PASTOR ARIAS
50,MARTIN LEOPOLDO CARRASCO GARCIA
51,TEOFILA ANTONIA SOLER DELGADO
52,ROSARIO BELEN BLANCO MORA
53,ROSALIA URSULA NIETO LEON
54,LUCRECIA ADELA LOZANO MORA
55,ARIADNA ANANIAS RUBIO LEON
56,BERNARDA CLAUDIA BLESA MOLINA
57,ARTEMIO ARISTIDES JIMENEZ LORENZO
58,DOROTEA GENOVEVA ORTEGA BRAVO
59,BEATRIZ TERESA JIMENEZ GIMENEZ
60,FATIMA LAURA AGUILAR BENITEZ
61,ESPERANZA MIRIAM CRUZ LOPEZ
62,MARTA EPIFANIA RUIZ MORALES
63,MARTA MONICA CRUZ RUBIO
64,AUREA GERTRUDIS MENDEZ CRESPO
65,ARIADNA NATALIA GONZALEZ IGLESIAS
66,EDGAR ALFREDO SOTO VICENTE
67,ARTEMIO JOSUE MOLINA GALLEGO
68,CRISTINA ALEJANDRA SUAREZ VAZQUEZ
69,OSCAR WILFREDO CALVO VAZQUEZ
70,NATALIA OLGA REYES IGLESIAS
71,INES MARGARITA ROMERO SUAREZ
72,JAUME ROQUE MARTINEZ VELASCO
73,EMILIA MARTA CORTES JIMENEZ
74,CARMEN PAULA LORENZO CABALLERO
75,ADELAIDA SUSANA VELASCO SANCHEZ
76,AURELIANO FERNANDO RAMIREZ MARIN
77,ISAIAS AARON JIMENEZ LOZANO
78,ALEJANDRA VIRGINIA SANZ TORRES
79,ARISTIDES UBALDO MORENO MORENO
80,BEATRIZ BELEN MOLINA MORA
81,FABIO URBANO MORA CASTRO
82,ROSALIA BORJA GALLEGO PARRA
83,MATILDE ANASTASIA REYES ALVAREZ
84,ALBERT XAVIER PASTOR CASTRO
85,EULALIA ALMUDENA SANCHEZ RODRIGUEZ
86,MAXIMILIANO JORGE DIEZ CORTES
87,FABIAN JOSUE MORENO RAMOS
88,FRANCISCA NATIVIDAD DELGADO PASTOR
89,MATILDE CAROLINA AGUILAR MARTINEZ
90,ISIDRO NEMESIO FLORES SOTO
91,PATRICIA TRINIDAD SANTANA LOZANO
92,MACARIO JESUS LORENZO LOZANO
93,GONZALO CONSTANCIO CRUZ VAZQUEZ
94,ROSA ROSALIA ORTEGA AGUILAR
95,VALERIANO FABIO VIDAL ESTEBAN
96,AURORA MANUELA JIMENEZ BRAVO
97,BORJA MONICA FUENTES CARRASCO
98,JOSEFA BEATRIZ SANTANA ESTEBAN
99,NIEVES ANANIAS GIL MOLINA
100,PIO EUGENIO CASTRO GIL
101,SANDRA HILDEGARDA JIMENEZ GARCIA
102,RAQUEL VANESA NAVARRO LOPEZ
103,ESDRAS TOBIAS VAZQUEZ LOPEZ
104,FRANCISCA ROSARIO GONZALEZ MENDEZ
105,BERNARDA ROSALIA ROMAN SUAREZ
106,ESTER MARTA MOYA VEGA
107,ESIQUIO JULIAN MOLINA RUIZ
108,CELINA FABIOLA MORA GIL
109,ARISTIDES LAUREANO DELGADO PASCUAL
110,MARTA ANASTASIA ESTEBAN CAMPOS
111,LUISA LORENA GIL LEON
112,PABLO RAFAEL REY HERRERA
113,PRIMO LAUREANO CRESPO NAVARRO
114,LIDIA MONICA GARCIA DIAZ
115,ALMUDENA VICTORIA ROMERO MARTINEZ
116,OLGA MATILDE ALONSO GALLARDO
117,SARA PRISCILA ALVAREZ PRIETO
118,NATIVIDAD ALBA SERRANO GUERRERO
119,ADELAIDA IRENE SANZ GIMENEZ
120,ABELARDO MARCELO SERRANO TORRES
121,ISABEL TERESA CAMPOS REYES
122,DOMINGO ADRIAN LOZANO REY
123,JACINTO ROCIO DIAZ MONTORO
124,ELENA MERCEDES GALLEGO CASTRO
125,RAFAEL ISMAEL IGLESIAS ARIAS
126,SONIA NOELIA VELASCO MORALES
127,ASCENSION MAGDALENA MONTERO BLESA
128,CLOTILDE ROSA ORTEGA RODRIGUEZ
129,TANIA MARINA MARTIN PRIETO
130,GISELA ESPERANZA CRESPO SAEZ
131,JOAN COSME LORENZO AGUILAR
132,ANA CRISTINA PRIETO VIDAL
133,ASUNCION CRISTINA SANTOS CRESPO
134,JAUME MARCIAL MARIN CAMBIL
135,OTILIA VERONICA ALVAREZ RUIZ
136,RITA OLGA DIAZ PARRA
137,CONSUELO GUADALUPE VARGAS IGLESIAS
138,ZAQUEO SEGISMUNDO SANTIAGO GARCIA
139,TRINIDAD RAQUEL GALLARDO LOZANO
140,RICARDO EVARISTO ALONSO CAMBIL
141,LORENA FATIMA MARTIN MARIN
142,OCTAVIO CAMILO CAMBIL GOMEZ
143,TOMAS ORESTES HERRERA BLESA
144,EUGENIA CONSUELO MONTORO DIEZ
145,SALVIO HONORIO VEGA VICENTE
146,GLORIA FABIOLA RUIZ MORALES
147,ISABEL FATIMA GONZALEZ GALLEGO
148,ARACELI YOLANDA MARQUEZ RODRIGUEZ
149,HUGO CASIMIRO VICENTE ALONSO
150,FATIMA ROSA ORTEGA PRIETO
151,NOELIA LEOCADIA CASTILLO GALLEGO
152,CECILIA CELINA RAMIREZ DIAZ
153,ADELAIDA GENOVEVA LEON TORRES
154,PAULA PATRICIA CANO LOZANO
155,LORENA ELENA PEREZ PEREZ
156,EPIFANIA ADELA VELASCO SUAREZ
157,GUADALUPE REMEDIOS VICENTE MARQUEZ
158,VANESA SARA GIMENEZ DIEZ
159,ABDON ANNA CASTRO RUIZ
160,CARINA CARINA GALLEGO LOZANO
161,CAROLINA PAULA AGUILAR RAMOS
162,LUISA PETRONILA RAMOS HERRERO
163,RAQUEL LUCIA MARTIN CANO
164,SALOMON FRANCESC RUBIO VAZQUEZ
165,EUGENIA IRENE MEDINA RAMOS
166,BERNARDO VICTORINO VARGAS GONZALEZ
167,MAGDALENA VIDAL DOMINGUEZ BRAVO
168,TEOFILA ANDREA CASTRO MARIN
169,BERNARDA CAROLINA RAMIREZ RUBIO
170,VICTORIO MOISES CRESPO FUENTES
171,ESTER TERESA JIMENEZ PRIETO
172,ASUNCION REBECA GARCIA MONTORO
173,JOSE BARTOLOME GUERRERO DIEZ
174,CLOTILDE TERESA SANTANA SOTO
175,GUADALUPE DOROTEA MEDINA CAMPOS
176,LORENA CATALINA RAMOS GALLARDO
177,TARSICIO JACINTO NAVARRO CANO
178,ELENA BERNARDA NAVARRO HERRERO
179,FAUSTO DANIEL RAMIREZ PARRA
180,AURORA NOELIA MONTERO CAMBIL
181,LEONOR LORENZO ALONSO CRUZ
182,AURELIA ISABEL MOYA SANTOS
183,IGNACIO JONATHAN GOMEZ RAMOS
184,DAMASO ESTEBAN SANTOS SANZ
185,BEATRIZ CAROLINA TORRES DIAZ
186,HUMBERTO CONRADO IGLESIAS CARMONA
187,MIRIAM ANASTASIA MEDINA LORENZO
188,EUGENIA GENOVEVA PASTOR ALONSO
189,JOSEFINA CELIA ESTEBAN GUERRERO
190,HOMERO OSEAS CALVO VAZQUEZ
191,CONSUELO SUSANA RAMIREZ VAZQUEZ
192,BERNARDA EMILIA MARIN MOYA
193,PURIFICACION CARINA NAVARRO BRAVO
194,BELEN CLAUDIA MARTINEZ DIEZ
195,MARGARITA CLAUDIA VIDAL SANZ
196,DOROTEA FATIMA GUTIERREZ ESTEBAN
197,MILAGROS CLARA CRUZ BENITEZ
198,LIDIA ALBINA GALLARDO MORALES
199,ORESTES IGNACIO AGUILAR LEON
200,CASIMIRO ALICIA HERRERO GONZALEZ
201,TOMAS LUZ CRESPO MONTERO
202,VIRGINIA BERNARDA GARRIDO GARRIDO
203,ADELAIDA HILDEGARDA LORENZO ROMERO
204,LORENA GISELA SANTOS CARRASCO
205,MILAGROS NIEVES VEGA CRESPO
206,DOROTEA JUANA SANTANA DIAZ
207,ESDRAS REINALDO CALVO VIDAL
208,TERESA BLANCA DURAN HIDALGO
209,DOROTEA CARMEN CALVO MARIN
210,CASIO SIMON DURAN SERRANO
211,MONICA VANESA CRESPO PASTOR
212,IFIGENIA PRIMO SOLER RUIZ
213,MATILDE ANASTASIA PASTOR GALLEGO
214,ROSA CRISTINA NAVARRO DOMINGUEZ
215,GENOVEVA YOLANDA FLORES FERRER
216,REBECA PETRONILA PASTOR VELASCO
217,ARACELI TANIA SANTANA FUENTES
218,EMILIA EUGENIA TORRES HERRERO
219,BEATRIZ NATIVIDAD MEDINA ORTIZ
220,EMILIO DARIO LORENZO BRAVO
221,YOLANDA CELIA IGLESIAS GALLARDO
222,SONIA EULALIA RAMOS RODRIGUEZ
223,MIRIAM ESTER HIDALGO JIMENEZ
224,PETRONILA PURIFICACION FLORES FERNANDEZ
225,NATALIA NATALIA HERRERO ROMAN
226,ALBINA LUCRECIA VELASCO PEREZ
227,NEMESIO SEBASTIAN DOMINGUEZ PARRA
228,MONTSERRAT TEOFILA CARRASCO RAMOS
229,BERNARDA AUREA PEREZ ALONSO
230,ALBINA ELVIRA SUAREZ DIAZ
231,LUCANO BENJAMIN RAMIREZ CABALLERO
232,OLGA AUREA RUBIO NAVARRO
233,MIQUEAS GODOFREDO DURAN DURAN
234,SUSANA TANIA MARQUEZ VEGA
235,TEOFILA BERNARDA BENITEZ SANCHEZ
236,ALMUDENA GERTRUDIS CABRERA ROMAN
237,PASCUAL CIRINO GARCIA GUERRERO
238,YOLANDA PAULA VARGAS CASTILLO
239,MAURICIO WILFREDO SAEZ GUERRERO
240,WILFREDO TITO VELASCO MORA
241,VALENTIN ANDRES ROMERO GALLARDO
242,BELEN TERESA MARIN DOMINGUEZ
243,EULALIA SILVIA SANTOS SANTIAGO
244,DACIANO VICTORIO CAMBIL FERRER
245,EPIFANIA ADELAIDA FUENTES LOZANO
246,JOSEFINA LUISA SANTOS CAMPOS
247,ROSA GISELA VICENTE GIL
248,VIDAL TEOFILA GARCIA SANTIAGO
249,DIMAS RUPERTO DOMINGUEZ SANTANA
250,PURIFICACION CANDIDA MARQUEZ ARIAS
251,CRISTINA ESPERANZA RUIZ MENDEZ
252,IGNACIO JUAN ESTEBAN PASTOR
253,CLOTILDE NIEVES MARTINEZ SANZ
254,MANUELA OLGA NIETO BENITEZ
255,CLEOFAS ANGEL GUERRERO DOMINGUEZ
256,AURORA BLANCA MENDEZ CASTILLO
257,ABSALON RAUL RAMIREZ MENDEZ
258,ELVIRA CELINA ALONSO SOLER
259,CONCEPCION LORENA BENITEZ SUAREZ
260,ASCENSION BARBARA PEREZ ROMAN
261,ANANIAS LIDIA ROMERO MORENO
262,MIGUEL OCTAVIO SANTOS MARTINEZ
263,RITA VICTORIA ARIAS ARIAS
264,MILAGROS VICENTA PRIETO BLANCO
265,ASUNCION ESPERANZA CASTRO SANTOS
266,RAIMUNDO VICTORIO MONTORO CALVO
267,SOFIA ANTONIA LEON NIETO
268,SALOME INMACULADA LOZANO SANTOS
269,RAQUEL LUCIA MONTORO DIEZ
270,CATALINA EVA SANTIAGO SAEZ
271,VICENTA ISABEL ROMAN MOLINA
272,PRIMO LUCANO MONTERO DIEZ
273,AUGUSTO FORTUNATO CRUZ GARCIA
274,DOROTEA CECILIA JIMENEZ DURAN
275,GERTRUDIS BARBARA SANTOS PASCUAL
276,ANDREA VERONICA GIL ROMERO
277,MATEO HILARION CRUZ SANCHEZ
278,NIEVES LAURA HERRERA AGUILAR
279,ERNESTO CONSTANTINO GIL ORTEGA
280,LUISA BLANCA GIMENEZ JIMENEZ
281,IRENE LORENA LOZANO PARRA
282,AMELIA MAGDALENA ALONSO BLANCO
283,DAMASO ALFONSO SANZ VARGAS
284,MATILDE CLOTILDE MORENO GOMEZ
285,NIEVES VICTORIA GOMEZ CABALLERO
286,MARCELO ANDRES GIMENEZ CORTES
287,OSCAR ERICO ESTEBAN MORENO
288,ARACELI HILDEGARDA CABALLERO MOYA
289,CAROLINA MIRIAM ROMERO VEGA
290,ZACARIAS ATANASIO VAZQUEZ SOTO
291,LAZARO VICTORIO NAVARRO CABALLERO
292,AMPARO JUSTINO MOLINA GUERRERO
293,ARTURO DARIO HERNANDEZ VARGAS
294,ANSELMO JOEL ORTIZ TORRES
295,LINO ARCADIO CABRERA SOTO
296,WILFREDO JEREMIAS LEON SANTOS
297,ISABEL FATIMA SOLER MEDINA
298,ARACELI SANDRA MOYA SANTANA
299,PRISCILA GERTRUDIS IGLESIAS ORTEGA
300,REMEDIOS BARBARA SANTANA MARTINEZ
301,CIRINO MARIA HIDALGO LEON
302,VENANCIO CASIANO FLORES GALLARDO
303,JOSEFINA ANTONIA MOLINA CABALLERO
304,COLUMBA CONSTANTINO GIMENEZ MARQUEZ
305,EVA LUISA SOLER LOPEZ
306,SEBASTIAN JONATHAN BLESA SOTO
307,ABEL BERNARDO DIAZ NIETO
308,JOSEP BARTOLOME VELASCO ROMERO
309,FATIMA MIRIAM IGLESIAS VELASCO
310,CANDIDA EPIFANIA VIDAL SANTOS
311,ALEJANDRA LIDIA CALVO CABRERA
312,ROSARIO PETRONILA GUTIERREZ SANCHEZ
313,AMELIA JOSEFA GUTIERREZ SOTO
314,ANTONIA AURELIA GIL GUERRERO
315,VIRGINIA REMEDIOS ROMERO MARQUEZ
316,CATALINA JOSEFA DOMINGUEZ GIMENEZ
317,ROGELIO LUCANO GALLEGO CABALLERO
318,SARA HILDEGARDA SAEZ MORA
319,ACACIO FACUNDO MONTERO HERRERA
320,OLGA URSULA GONZALEZ BLANCO
321,CARMEN LIDUVINA ORTIZ PASTOR
322,LUCAS BALDOMERO GARRIDO HERNANDEZ
323,OTILIA ALMUDENA MOLINA GALLEGO
324,CONCEPCION ELISA LOPEZ MONTORO
325,MIRIAM ASUNCION PASTOR HERRERO
326,ROMUALDO ROMUALDO BRAVO GIL
327,BORJA AURELIA RUBIO MONTORO
328,ELISA CONSUELO GONZALEZ CANO
329,EUGENIA LUISA CARMONA CRUZ
330,MARGARITA MARINA BLESA GIL
331,ALBA IRENE GOMEZ MARTIN
332,TEODOSIA NAZARIO VAZQUEZ CAMBIL
333,INMACULADA VIDAL SOTO CABRERA
334,CECILIA CARINA GUERRERO MORENO
335,ADAN BELTRAN MARTINEZ SANZ
336,ALBINA GLORIA MOYA HERNANDEZ
337,ALBA SUSANA REY CASTILLO
338,HILDEGARDA CRISTINA VIDAL NIETO
339,AMELIA ANGELA MARQUEZ FERNANDEZ
340,BELEN RAQUEL MARTINEZ ROMERO
341,MILAGROS VIDAL ALONSO BENITEZ
342,PATRICIA SOFIA RUBIO ORTIZ
343,IRENE LORENA SOTO GALLARDO
344,ADELAIDA ALMUDENA SANZ SANTIAGO
345,ELVIRA ALBA ARIAS MARTINEZ
346,ROGELIO AMPARO MENDEZ MOLINA
347,SALOME CRISTINA PARRA LOPEZ
348,AMBROSIO JUAN FERRER REY
349,CIRO ROMAN ORTIZ SAEZ
350,ANA ALBA RAMOS FERNANDEZ
351,JACOBO MIGUEL ROMERO ORTIZ
352,PRISCILA URSULA CORTES CABRERA
353,ANTONIA TANIA PEREZ SANTANA
354,CELINA AURORA LOZANO ORTIZ
355,BEATRIZ CELIA CRESPO VIDAL
356,SUSANA ANANIAS CALVO MORENO
357,CLOTILDE IRENE CABRERA ROMERO
358,ROSALIA ALEJANDRA ORTEGA NIETO
359,AURELIO DARIO TORRES MEDINA
360,TRINIDAD EMILIA MORALES SANTOS
361,DACIO MARIANO SUAREZ MONTERO
362,FRANCISCA MARINA ALVAREZ RUBIO
363,OLGA GLORIA GARRIDO SAEZ
364,OSCAR ROMUALDO MARTIN REYES
365,ALBA REBECA FERNANDEZ DOMINGUEZ
366,VICENTA CELIA NIETO VELASCO
367,CLOTILDE CARMEN MARIN MONTERO
368,CIRO IVAN SANTOS MONTERO
369,VERONICA GERTRUDIS SANTOS DIEZ
370,AUREA FATIMA NIETO SANTIAGO
371,TANIA ADELA GIL VEGA
372,VIRGINIA ESTER FERNANDEZ CRESPO
373,FATIMA GISELA BLANCO SANTANA
374,TOMAS LAUREANO LEON GIL
375,ANASTASIA URSULA MARTINEZ ALONSO
376,PAULA PETRONILA MOLINA SOLER
377,CLAUDIA AUREA SANTOS RODRIGUEZ
378,CLOTILDE HILDEGARDA PASTOR CRUZ
379,FABIOLA OTILIA ROMERO HERRERA
380,PRISCILA TEOFILA LEON HERRERA
381,EDMUNDO NICANOR SOLER RAMOS
382,ROSARIO TRINIDAD SAEZ CAMPOS
383,AMELIA AURELIA CRUZ DIEZ
384,CONSUELO MARINA GUTIERREZ CRUZ
385,CELIA RAQUEL AGUILAR ROMERO
386,ELISA REBECA LEON CARMONA
387,JOSEFA FRANCISCA MARTINEZ MONTERO
388,ROBERTO JONAS SANTOS ORTIZ
389,GUADALUPE MATILDE VELASCO CANO
390,ABEL LEONCIO CABRERA REYES
391,CRISTINA SARA HERNANDEZ VAZQUEZ
392,ANANIAS PETRONILA GARRIDO NIETO
393,PILAR VANESA GALLEGO VICENTE
394,ANTONIA ARACELI GUTIERREZ ROMAN
395,SARA CELIA GALLEGO AGUILAR
396,ZACARIAS TOBIAS GONZALEZ SANTIAGO
397,ADON CESAREO MARTINEZ MORALES
398,INES ADELAIDA ROMAN PEREZ
399,BALDOMERO DEMOCRITO ARIAS CASTRO
400,CARINA NURIA CASTILLO VARGAS
401,NOELIA ELENA HERNANDEZ RAMOS
402,MIRIAM GEMA LEON DOMINGUEZ
403,PRISCILA BLANCA DELGADO CABRERA
404,RUBEN JOAQUIM RUBIO REYES
405,CLARA ESPERANZA CARRASCO ROMERO
406,TRINIDAD GUADALUPE FERRER MORENO
407,BELEN BERNARDA CARMONA SANTIAGO
408,PRISCILA VICENTA VICENTE VICENTE
409,ALEJANDRA SOLEDAD CALVO FERRER
410,CECILIA BLANCA SOLER SANZ
411,VICENTA MONTSERRAT NAVARRO RAMOS
412,OLGA AURORA GUERRERO GIMENEZ
413,NATALIA TRINIDAD CARMONA GUTIERREZ
414,GLORIA ANTONIA CAMPOS MARQUEZ
415,ALONSO EMILIANO MONTERO CARMONA
416,GEMA YOLANDA SUAREZ ALONSO
417,PETRONILA GEMA ESTEBAN REYES
418,LIDUVINA NATIVIDAD PRIETO MORALES
419,ANA INMACULADA MARTIN MENDEZ
420,LORENA IRENE REYES FLORES
421,PAULA CLARA CRESPO VEGA
422,JOAN JESUS CANO CASTILLO
423,MONICA OTILIA CALVO CAMBIL
424,EMILIA CRISTINA CALVO CANO
425,ISABEL ASUNCION GOMEZ ROMAN
426,BARBARA MIRIAM JIMENEZ VAZQUEZ
427,ESDRAS RODRIGO CABRERA MORA
428,GENOVEVA ELENA GARRIDO MENDEZ
429,RUBEN TOBIAS SANTANA PASCUAL
430,BERNARDA VICTORIA CASTILLO IGLESIAS
431,LEON GABRIEL MOLINA SOTO
432,SARA LUISA VARGAS MENDEZ
433,ASCENSION SONIA CAMPOS PASTOR
434,INES GEMA REYES GUTIERREZ
435,CONSUELO EPIFANIA BENITEZ HERRERO
436,ROMAN DOMINGO GARCIA VELASCO
437,GEMA ESTHER SANTANA CAMBIL
438,ESTER SONIA SANTIAGO ARIAS
439,URSULA AUREA PASCUAL VICENTE
440,FATIMA JOSEFA PASCUAL ALONSO
441,LIDIA PURIFICACION CORTES LOPEZ
442,GLORIA GEMA ORTEGA GARCIA
443,RODRIGO CIRO ORTEGA ROMAN
444,RAQUEL ARACELI MOYA ARIAS
445,MAGDALENA OLGA JIMENEZ CABALLERO
446,CELIA INMACULADA GALLARDO VEGA
447,LADISLAO CLAUDIO RUIZ REY
448,MILAGROS ELENA CRESPO DIAZ
449,PETRONILA ANASTASIA RAMIREZ RAMOS
450,ALBINA CONSUELO CAMBIL MARTINEZ
451,YOLANDA EVA GOMEZ HERRERA
452,JOSEFA MERCEDES CORTES FLORES
453,ALMUDENA ALBINA CASTRO SOLER
454,URSULA CELIA GARRIDO PEREZ
455,TADEO JONATHAN DIEZ SANCHEZ
456,NATIVIDAD AURELIA SANTANA SANCHEZ
457,VIDAL LORENA MORA FERRER
458,ANATOLIO ELIAS ORTIZ CARRASCO
459,MARCOS OSCAR PRIETO FLORES
460,ABSALON JULIO DIEZ FUENTES
461,PAULA GEMA DIAZ VARGAS
462,URSULA EPIFANIA CAMBIL MOLINA
463,MILAGROS MONTSERRAT SOTO DIAZ
464,ROSA SONIA BLESA MARIN
465,TEOFILA CELIA GUERRERO LOPEZ
466,SOLEDAD PURIFICACION LOPEZ DIEZ
467,YOLANDA NURIA GUTIERREZ PASCUAL
468,REMEDIOS MARINA MARTIN REYES
469,BORJA NIEVES DOMINGUEZ MOYA
470,VICTORIA JOSEFINA MORENO BRAVO
471,ALEJANDRO JOSAFAT VELASCO DOMINGUEZ
472,AUREA INES CRUZ GUERRERO
473,LIDIA MARGARITA MARTINEZ BLESA
474,ALEJANDRA FRANCISCA GALLARDO MENDEZ
475,SILVIA LUCIA LEON MARTINEZ
476,PETRONILA URSULA DURAN MARQUEZ
477,VANESA FABIOLA GALLEGO GOMEZ
478,TRINIDAD JOSEFINA HERRERO RUIZ
479,MARTA CLAUDIA SANCHEZ ALVAREZ
480,ALBA LIDUVINA VELASCO SOLER
481,VICENTA MATILDE DIAZ SANTANA
482,NATIVIDAD GERTRUDIS VELASCO CORTES
483,ROQUE ROCIO REY GIL
484,BLANCA FATIMA VELASCO VEGA
485,PAULA REMEDIOS ROMERO MEDINA
486,LUCIA SALOME SANZ FUENTES
487,FAUSTO HILARION DOMINGUEZ CRUZ
488,ANSELMO XAVIER MARTIN GALLEGO
489,CRISTINA URSULA SANTANA GOMEZ
490,SANDRA GUADALUPE ROMERO HIDALGO
491,AURORA LEOCADIA DIAZ ESTEBAN
492,LUIS LEOPOLDO FUENTES CRUZ
493,SEGISMUNDO LUZ FUENTES RUIZ
494,VIRGINIA CLARA SANCHEZ MORA
495,ESPERANZA OLGA DIAZ CASTRO
496,JULIA OTO GUERRERO MORALES
497,PATRICIA SUSANA MARIN LOPEZ
498,LAZARO TARSICIO DELGADO NAVARRO
499,EMILIA ROSALIA RODRIGUEZ GIL
500,DOROTEA ANANIAS ARIAS RODRIGUEZ
501,PATRICIA CRISTINA BLANCO CRUZ
502,NOELIA JOSEFINA LOPEZ FLORES
503,EULALIA MONTSERRAT FERNANDEZ ESTEBAN
504,LEON RUPERTO LOPEZ FLORES
505,ADELA BELEN HERRERA NAVARRO
506,CONCEPCION ASCENSION JIMENEZ PASTOR
507,HERACLIO RAMIRO CAMPOS SANTIAGO
508,VICTORIA RAQUEL VAZQUEZ ARIAS
509,PATRICIA REMEDIOS CANO AGUILAR
510,VICTORIA GLORIA BLESA CRUZ
511,ORIOL SAMUEL BENITEZ GOMEZ
512,MAR JULIAN PASTOR REY
513,MERCEDES MARTA ALONSO MORENO
514,PORFIRIO CONSTANTINO MONTERO SANCHEZ
515,TEOFILA AURELIA GOMEZ ALVAREZ
516,ABSALON MIGUEL MONTERO CORTES
517,LUISA MARINA FLORES MARIN
518,TERESA MATILDE NAVARRO MENDEZ
519,CATALINA EVA ALONSO REY
520,ANANIAS ANGELA MONTERO LOZANO
521,DAMIAN JEREMIAS ARIAS DURAN
522,BALDOMERO ELIAS MARTIN DOMINGUEZ
523,ANA INES ORTIZ GIMENEZ
524,SANSON RODRIGO RAMIREZ HERRERO
525,ESTHER CLOTILDE SANTIAGO BLANCO
526,JAVIER ESTEBAN MORENO CRESPO
527,GISELA BORJA GALLEGO GOMEZ
528,ISIDRO ROGELIO ORTEGA TORRES
529,CLOTILDE ISABEL ALVAREZ MORA
530,ISAIAS JOSEP LOPEZ FERNANDEZ
531,TEOFILA ROSA BLESA CASTRO
532,SALOME NOELIA DIAZ PARRA
533,EUSEBIO DEMOCRITO BLESA BLANCO
534,MILAGROS CANDIDA GARRIDO JIMENEZ
535,LAURA EVA MOYA SOTO
536,ANANIAS NATIVIDAD MARQUEZ MONTERO
537,ARACELI NURIA REYES HERRERO
538,VICENTA AURORA FERNANDEZ SUAREZ
539,ESPERANZA ALBA VIDAL MARQUEZ
540,PETRONILA LORENA REYES ALVAREZ
541,BERNARDA BLANCA PEREZ MORENO
542,FRANCISCA ALBINA LOPEZ GUERRERO
543,SUSANA ARACELI IGLESIAS LOPEZ
544,ALBINA AMELIA CAMBIL BLESA
545,LOURDES BARTOLOME SERRANO REYES
546,SOFIA BELEN CASTRO DOMINGUEZ
547,INES GUADALUPE FERRER HERRERA
548,NURIA ESTER GONZALEZ FLORES
549,CAYETANO DAVID FERRER RUBIO
550,ARIADNA NURIA MARTINEZ PARRA
551,SONIA LUCIA RODRIGUEZ VELASCO
552,DIEGO FULGENCIO GARCIA REYES
553,IRENE CANDIDA LEON VEGA
554,NIEVES SUSANA LEON SANZ
555,EDUVIGIS BENJAMIN GALLEGO REY
556,ESTER VICTORIA CASTRO PASCUAL
557,AMPARO FERMIN SANTANA TORRES
558,RITA PATRICIA LEON CASTILLO
559,BARBARA CECILIA SUAREZ CAMPOS
560,ESTER CECILIA MEDINA CARRASCO
561,ANANIAS BELEN HERNANDEZ CARRASCO
562,INMACULADA BELEN TORRES MOLINA
563,ADELA NATALIA BLESA TORRES
564,ANANIAS CAROLINA LORENZO RODRIGUEZ
565,CONSTANTINO GODOFREDO SANTOS DIEZ
566,DAVID TEOFANES FERNANDEZ ROMERO
567,GENOVEVA ADELAIDA MEDINA GARCIA
568,MONTSERRAT SILVIA LOPEZ MORA
569,FAUSTO LUIS CASTILLO GARCIA
570,ARIADNA NATALIA VELASCO GOMEZ
571,CECILIA CONSUELO CRUZ BLESA
572,TEOFILA ARIADNA MOYA PASCUAL
573,ELENA INMACULADA ROMAN CANO
574,ISABEL EMILIA GIL IGLESIAS
575,ANA EULALIA DIAZ RAMIREZ
576,ANTONIA CECILIA REYES MARTIN
577,BARBARA VERONICA MENDEZ SANZ
578,LEOCADIA PATRICIA RAMOS PARRA
579,ANGELA EPIFANIA BLESA MORENO
580,RUFO GERMAN BENITEZ CAMPOS
581,TIMOTEO DOMINGO SOTO RAMIREZ
582,GEMA ELENA MOYA ESTEBAN
583,MONTSERRAT EMILIA SAEZ MONTORO
584,RUPERTO MANUEL BLESA VICENTE
585,VENANCIO SAMUEL RUBIO CRESPO
586,VICENTA GERTRUDIS IGLESIAS CRUZ
587,INES ESTHER RUBIO FUENTES
588,SOFIA MILAGROS PEREZ GUERRERO
589,BONIFACIO LADISLAO ESTEBAN MOLINA
590,AMELIA ANGELA GOMEZ ROMAN
591,BERNARDA ALEJANDRA REY HERNANDEZ
592,INMACULADA ELISA ROMAN MARTIN
593,NATIVIDAD BARBARA CASTILLO GONZALEZ
594,ARACELI VIRGINIA MARIN MORALES
595,JOSEP COLUMBANO SOTO CAMPOS
596,FATIMA PILAR TORRES VEGA
597,JOSEFINA VIRGINIA SERRANO ROMAN
598,GLORIA TANIA HERRERO MARIN
599,MARCOS RENATO HIDALGO CRUZ
600,CELINA EULALIA MONTORO PARRA
601,BERNARDA ANDREA PARRA FERRER
602,MIQUEAS ERNESTO GALLEGO MARQUEZ
603,HILDEGARDA AMELIA SAEZ JIMENEZ
604,RAFAEL JAIME MARIN SOTO
605,BARTOLOME MARCELO RUBIO CORTES
606,NATIVIDAD CELINA PASCUAL MOLINA
607,ALEJANDRA SOLEDAD LOPEZ ROMERO
608,DOROTEA AUREA CABALLERO SANTIAGO
609,ANTONIA PAULA RODRIGUEZ GIMENEZ
610,CRISTINA ALBINA GONZALEZ GIMENEZ
611,MARINA REMEDIOS TORRES GIMENEZ
612,SOLEDAD CECILIA CANO SERRANO
613,TERESA YOLANDA HERRERA DOMINGUEZ
614,ALFREDO EDMUNDO MORA HERRERO
615,MERCEDES INMACULADA SUAREZ SANTOS
616,AURELIANO FAUSTO HIDALGO JIMENEZ
617,BORJA ANGELA SOTO FERNANDEZ
618,MARGARITA AUREA DOMINGUEZ SANCHEZ
619,GERTRUDIS GUADALUPE VARGAS CANO
620,INOCENCIO TEODOSIA CAMBIL SANTOS
621,EPIFANIA TRINIDAD IGLESIAS MEDINA
622,NICOLAS JUSTINO REY BRAVO
623,RENATO COLUMBANO BLESA REYES
624,ROSALIA CONCEPCION VEGA DIEZ
625,GLORIA ARACELI GALLEGO GARCIA
626,TRINIDAD BEATRIZ MENDEZ CASTILLO
627,ASUNCION RAQUEL DOMINGUEZ JIMENEZ
628,LORENA CAROLINA VIDAL ORTEGA
629,PURIFICACION CLAUDIA FLORES PARRA
630,ESTER SANDRA BLANCO MENDEZ
631,PRISCILA ANANIAS PASCUAL SANTANA
632,SALOME EUGENIA VIDAL SOLER
633,EUGENIA AUREA REYES CARRASCO
634,ISABEL PETRONILA ORTEGA BRAVO
635,MONICA VICENTA ROMAN RAMOS
636,LEOPOLDO BONIFACIO NAVARRO GUTIERREZ
637,TANIA LIDIA SANTANA HERNANDEZ
638,ARACELI ASCENSION CABALLERO REY
639,AMELIA PURIFICACION VAZQUEZ GOMEZ
640,CIPRIANO VALENTIN CORTES GALLARDO
641,JOSEFA SANDRA CASTRO VAZQUEZ
642,EVA LUCRECIA VAZQUEZ RUIZ
643,ADRIAN FELICIANO CABALLERO CAMPOS
644,CELINA AURELIA REY VELASCO
645,ARACELI LIDUVINA GONZALEZ SANZ
646,ALBA JOSEFINA ROMERO CRESPO
647,HONORATO ABSALON GIL AGUILAR
648,LUISA TERESA MORALES VAZQUEZ
649,BERNARDO JACOB RAMOS SAEZ
650,VALERIANO DAMASO DOMINGUEZ ARIAS
651,ROGELIO FELIPE RODRIGUEZ JIMENEZ
652,FERNANDO ALIPIO ARIAS PEREZ
653,ALBINA EPIFANIA MARIN SOTO
654,MARINA LORENA CALVO CRESPO
655,BEATRIZ ALMUDENA SANCHEZ FLORES
656,PURIFICACION URSULA GALLARDO MORENO
657,ANIANO VLADIMIRO ROMERO GOMEZ
658,ASUNCION PILAR GIL JIMENEZ
659,CONCEPCION ANTONIA GIL DOMINGUEZ
660,INMACULADA ALEJANDRA MOYA VICENTE
661,VICTORIA CLARA SOLER SANZ
662,MIRIAM SALOME NAVARRO PEREZ
663,PROBO DOMINGO MORA FERNANDEZ
664,EULALIA MIRIAM LOZANO RAMOS
665,VANESA CARINA GARCIA SAEZ
666,GERTRUDIS ALBINA GALLEGO HERNANDEZ
667,TERESA SILVIA RUBIO ALONSO
668,EMILIA PAULA MENDEZ GUTIERREZ
669,CARINA PATRICIA CRESPO CRESPO
670,ASCENSION EUGENIA GARRIDO REYES
671,EMILIO PABLO MARTINEZ ARIAS
672,LAUREANO ESTEBAN ORTIZ ROMAN
673,MATILDE TEOFILA MARTINEZ REYES
674,GONZALO RICARDO BLESA REYES
675,MARINA TRINIDAD BENITEZ SANCHEZ
676,ASCENSION CONSUELO MONTORO CASTILLO
677,ANASTASIA SUSANA TORRES CARRASCO
678,VICENTA SARA MOYA TORRES
679,ARACELI DOROTEA GIMENEZ RAMIREZ
680,VIDAL SALOME RAMIREZ ALVAREZ
681,AMELIA URSULA LOPEZ SANZ
682,ANGELA FATIMA CABALLERO GALLEGO
683,MONTSERRAT ANA SOTO VARGAS
684,EZEQUIEL LEANDRO SANZ CRESPO
685,EUGENIA PILAR ARIAS BRAVO
686,JAUME FACUNDO CABRERA DIAZ
687,YOLANDA SANDRA RUIZ NIETO
688,URBANO CESAREO GONZALEZ MORENO
689,PURIFICACION PURIFICACION SANZ TORRES
690,BENITO CIRILO GOMEZ CASTRO
691,CARINA ISABEL RAMOS HIDALGO
692,NURIA BORJA HERRERA CRESPO
693,IRENE MARINA LOPEZ ARIAS
694,ANTONIA SILVIA CARRASCO MOLINA
695,INES HILDEGARDA PEREZ MENDEZ
696,CONRADO PORFIRIO SUAREZ GARRIDO
697,VERONICA MAGDALENA BENITEZ LORENZO
698,VIDAL ESTER CASTRO MONTORO
699,AMBROSIO SALVIO AGUILAR MEDINA
700,NIEVES CATALINA VARGAS ORTEGA
701,JOSEFA ANANIAS DURAN RAMOS
702,CARINA CONSUELO CASTRO MARIN
703,LIDIA ANGELA GALLARDO CALVO
704,JOAQUIM CAMILO SANZ DELGADO
705,CARINA GENOVEVA DELGADO GONZALEZ
706,GONZALO ANIANO LOZANO NIETO
707,SUSANA LAURA CRUZ MORALES
708,VICTORIA GENOVEVA SANTANA PEREZ
709,DOLORES MACARIO GARCIA ALONSO
710,CLOTILDE ANA FERRER SANCHEZ
711,NATALIA AURELIA MONTERO NAVARRO
712,EUGENIA PETRONILA BENITEZ CASTILLO
713,ANDRES SIMON MEDINA IGLESIAS
714,NATIVIDAD CATALINA REYES MARTINEZ
715,ABSALON HONORIO MENDEZ MEDINA
716,ESPERANZA ANASTASIA IGLESIAS LORENZO
717,HERIBERTO MAURICIO FERNANDEZ PARRA
718,SOFIA HILDEGARDA CANO SERRANO
719,LIDIA CAROLINA LORENZO AGUILAR
720,VANESA PAULA GIL SOTO
721,NURIA CECILIA CABALLERO VICENTE
722,ANTERO ISAAC CARMONA CABRERA
723,ROSARIO VICENTA IGLESIAS CARRASCO
724,URSULA HILDEGARDA CRUZ TORRES
725,PURIFICACION NOELIA HERNANDEZ ESTEBAN
726,VICTORIA GISELA GARCIA CALVO
727,CECILIA LUCRECIA DURAN FLORES
728,AMPARO FELIPE RAMOS GARCIA
729,VANESA ANGELA MONTORO BENITEZ
730,BELTRAN HOMERO ROMERO RAMIREZ
731,MERCEDES REBECA MARIN REYES
732,ROSA ANTONIA MORA DURAN
733,EPIFANIA ANTONIA MOLINA DELGADO
734,TRINIDAD BORJA MARTINEZ DELGADO
735,SARA NATIVIDAD SUAREZ DIAZ
736,ADELA IRENE ARIAS PASTOR
737,MARCELO RIGOBERTO SOLER MARTIN
738,SALOMON ALFONSO VAZQUEZ SERRANO
739,NATIVIDAD BEATRIZ CABALLERO MORA
740,FATIMA BORJA RUBIO VELASCO
741,URSULA PURIFICACION ROMERO BLESA
742,TEOFILA ELVIRA MONTERO FERRER
743,VANESA MARINA DURAN REY
744,GEMA ASCENSION CARMONA RAMIREZ
745,ESPERANZA CLARA RAMIREZ SANZ
746,ESPERANZA CLAUDIA HERRERA SOLER
747,MIRIAM JUANA CABALLERO VELASCO
748,JOAQUIN LUCANO GALLEGO DIAZ
749,REBECA RAQUEL SOTO BLANCO
750,SARA URSULA HERRERO PASCUAL
751,ELISA MARTA AGUILAR PASCUAL
752,GUSTAVO VENANCIO SOTO VELASCO
753,EDGAR HERIBERTO SANTANA CAMBIL
754,SANDRA ANDREA MENDEZ RUBIO
755,IRENEO PATRICIO MENDEZ CANO
756,ISAAC ISIDRO PASCUAL SOLER
757,ASCENSION LUCIA VICENTE MONTERO
758,DOMINGO FAUSTINO CARRASCO TORRES
759,ALEJANDRA JOSEFA SAEZ FUENTES
760,ANTERO AURELIANO LOPEZ NAVARRO
761,YOLANDA PURIFICACION CRUZ FLORES
762,MONTSERRAT SOFIA RAMIREZ ESTEBAN
763,ALVARO ANSELMO GARRIDO FERNANDEZ
764,RUBEN ALFREDO PASCUAL GUERRERO
765,JUANA LAURA MARQUEZ RUBIO
766,JONAS XAVIER CALVO ESTEBAN
767,NURIA GISELA BLESA RAMIREZ
768,YOLANDA SARA AGUILAR DIEZ
769,SONIA MAGDALENA AGUILAR ALONSO
770,DACIANO ABRAHAN CALVO AGUILAR
771,NICOLAS MATIAS MOLINA CANO
772,FRANCISCA ARACELI RAMOS MARIN
773,MANUELA CLOTILDE MEDINA SOTO
774,SOLEDAD ARIADNA HERNANDEZ ROMERO
775,FABIOLA BEATRIZ JIMENEZ ROMERO
776,BLANCA TERESA IGLESIAS MONTERO
777,PANCRACIO ATANASIO BRAVO ALVAREZ
778,MONICA FATIMA HERRERO NAVARRO
779,ANGEL ELIAS MOLINA FERRER
780,ALMUDENA GENOVEVA RODRIGUEZ MEDINA
781,ASCENSION URSULA BENITEZ CORTES
782,ELVIRA SOLEDAD RAMOS LOPEZ
783,ANDREA MONTSERRAT MONTORO GIMENEZ
784,TRINIDAD TEOFILA VELASCO BRAVO
785,SANTIAGO COSME SOLER SANZ
786,ANTONIA SILVIA SANTANA GONZALEZ
787,LORENA LAURA FERNANDEZ PASCUAL
788,AURELIO VALERIANO SERRANO BLANCO
789,ADELAIDA SILVIA MOLINA SUAREZ
790,GERARDO HERACLIO JIMENEZ MORA
791,TERESA LUISA CARMONA MARTINEZ
792,ESPERANZA BELEN HERRERO PASCUAL
793,CEFERINO NOE LEON REYES
794,EUGENIA TRINIDAD GALLARDO RUIZ
795,DOROTEA SOFIA GALLARDO ORTEGA
796,ONESIMO AURELIO MEDINA CASTILLO
797,SONIA SOFIA FERRER MOYA
798,MARGARITA GERTRUDIS VAZQUEZ MARTIN
799,ANANIAS URSULA ALVAREZ FLORES
800,ALEJANDRA AURELIA RAMOS AGUILAR
801,DARIO JAVIER CORTES CASTRO
802,AUREA GENOVEVA CAMPOS GOMEZ
803,PURIFICACION NATIVIDAD ESTEBAN PASCUAL
804,CANDIDA FATIMA MARIN MONTERO
805,ISAIAS DIMAS NIETO RUIZ
806,REMEDIOS ISABEL IGLESIAS DIEZ
807,ISABEL TANIA SAEZ HERNANDEZ
808,ISMAEL JULIAN MONTORO DIEZ
809,LIDUVINA ROSARIO FERNANDEZ REY
810,ROSENDO OTO CABALLERO REYES
811,FATIMA LORENA CASTRO ORTIZ
812,JONAS GUIDO BLESA DOMINGUEZ
813,BONIFACIO DOMINGO HERRERA SAEZ
814,ALBINA AURORA SERRANO BENITEZ
815,MATILDE VERONICA DOMINGUEZ GARRIDO
816,ROSARIO ANTONIA PRIETO GARCIA
817,PURIFICACION ESPERANZA CRESPO PASTOR
818,PATRICIA AURELIA SOLER ALONSO
819,AITOR RIGOBERTO ORTIZ BENITEZ
820,ESPERANZA ELENA CRESPO VEGA
821,MACARIO GUILLERMO FUENTES GARCIA
822,BALTASAR EVARISTO CABRERA NIETO
823,DOLORES PASCUAL PARRA HERRERO
824,ANASTASIA SUSANA CALVO PASTOR
825,JUANA CLARA SAEZ BENITEZ
826,IRENE ALBA FERNANDEZ CANO
827,DANIEL JONAS HERNANDEZ GARCIA
828,NICOLAS ARTURO RAMIREZ ROMERO
829,HERACLIO ABEL BLESA SANTIAGO
830,RUBEN TADEO MOLINA MONTORO
831,GENOVEVA ROSARIO PEREZ SUAREZ
832,CATALINA SUSANA VICENTE MARIN
833,FRANCISCO JULIAN REY MARQUEZ
834,NICOMEDES COLUMBANO RUBIO JIMENEZ
835,PAULA NIEVES PASCUAL CASTILLO
836,ANA TRINIDAD GALLARDO MORALES
837,ELISA ASCENSION ORTIZ HERRERO
838,PRISCILA ANTONIA JIMENEZ SERRANO
839,CELIA LIDIA SERRANO BLANCO
840,ESPERANZA TANIA ORTIZ RAMOS
841,MARTA BORJA PRIETO MONTERO
842,RIGOBERTO AUGUSTO VAZQUEZ GOMEZ
843,PATRICIA CONCEPCION REY DELGADO
844,VIDAL ADELAIDA GUTIERREZ MORENO
845,TEOFANES PABLO SANTOS MARIN
846,JUVENAL MOHAMED NIETO SANTIAGO
847,MAURICIO CIPRIANO VARGAS BLANCO
848,ADELAIDA RITA MENDEZ IGLESIAS
849,SUSANA EMILIA GARRIDO PASCUAL
850,SOLEDAD LIDIA ALVAREZ NAVARRO
851,PILAR OTILIA SERRANO VELASCO
852,IVAN RAMON VIDAL GIL
853,CARINA NIEVES FUENTES MARIN
854,LADISLAO ROSENDO VICENTE GALLARDO
855,NIEVES MARINA SOLER MONTORO
856,LAURA JOSEFINA JIMENEZ GALLARDO
857,VIRGINIA CELIA MARQUEZ CARMONA
858,ACACIO SIXTO LOZANO DURAN
859,ANANIAS ALMUDENA SANZ HIDALGO
860,EMILIA RITA RAMIREZ FERNANDEZ
861,INMACULADA LUCRECIA BLANCO ROMERO
862,XAVIER VICTOR TORRES FERNANDEZ
863,ALBINA ALBA RAMOS JIMENEZ
864,MATILDE IRENE ALONSO MORALES
865,ROSA MERCEDES NAVARRO MORENO
866,AMELIA CONCEPCION ORTIZ ROMERO
867,JUANA ESTER VICENTE VICENTE
868,ADELAIDA INES ROMERO GARRIDO
869,CELIA ALMUDENA SANCHEZ MOYA
870,CELINA CONSUELO PARRA BLANCO
871,EUGENIO MANUEL GIL NAVARRO
872,PRISCILA REMEDIOS SANTANA CARMONA
873,NAZARIO CONSTANTINO SANCHEZ ROMAN
874,MANUELA VERONICA BLESA GALLARDO
875,ROSA URSULA PEREZ DURAN
876,JUSTINO SIMON BRAVO MARIN
877,HUGO ALFONSO PASCUAL CASTILLO
878,CLAUDIA ROSARIO VIDAL MONTERO
879,CESAREO SIMON SANTOS RAMIREZ
880,MARCELINO XAVIER MONTORO SERRANO
881,LAURA AURELIA MEDINA MORENO
882,ELISEO MARIO MARTIN GALLEGO
883,XAVIER ADAN DOMINGUEZ MOYA
884,CRISTOBAL MARCOS MOYA PARRA
885,ROSARIO EMILIA MEDINA SANTOS
886,EMILIA VICTORIA CASTRO SAEZ
887,HILDEGARDA SOFIA PASCUAL VAZQUEZ
888,FRANCISCA CLAUDIA RUBIO REYES
889,BLAS HONORIO MONTERO SOTO
890,CAROLINA SOLEDAD LOZANO DURAN
891,SOFIA ANTONIA CRUZ FUENTES
892,PANCRACIO LEONCIO TORRES SAEZ
893,ADELAIDA TERESA CANO CAMPOS
894,RICARDO ALEJO BLANCO REYES
895,MARCELO ATANASIO RAMOS PARRA
896,MONICA FRANCISCA CANO RUIZ
897,CLARA BORJA LOZANO FERNANDEZ
898,JULIAN BELTRAN HERNANDEZ DOMINGUEZ
899,ELISEO DACIANO MORENO GIMENEZ
900,LORENZO JULIA MEDINA CAMPOS
901,WILFREDO ANIANO DIEZ GARCIA
902,ENRIQUE ALEJO MORALES DOMINGUEZ
903,CRISTINA JOSEFINA GUTIERREZ HERRERO
904,BONIFACIO FELIPE PASCUAL CABALLERO
905,ADELA ADELA RUIZ SANCHEZ
906,LEON ERNESTO AGUILAR MARTIN
907,MARTA HILDEGARDA VIDAL CASTRO
908,ROSALIA JOSEFINA ARIAS LEON
909,SOFIA NOELIA RAMOS VIDAL
910,MANUELA TRINIDAD LOZANO SANTANA
911,DARIO AMPARO CAMPOS DIAZ
912,ASUNCION ANGELA SANTANA VARGAS
913,BEATRIZ GISELA SANZ ORTEGA
914,BARBARA MERCEDES CRUZ AGUILAR
915,BELEN ANTONIA RAMIREZ NAVARRO
916,VICENTA VANESA AGUILAR IGLESIAS
917,FABIOLA FABIOLA SUAREZ GARCIA
918,PETRONILA NATALIA FERRER MORA
919,MILAGROS ANGELA SERRANO MARIN
920,ANTERO DAMIAN MARQUEZ PASCUAL
921,VICTORIA BORJA MONTORO SANTIAGO
922,PASCUAL COLUMBANO DURAN FERRER
923,CELIA TRINIDAD SANTOS FERRER
924,COSME RUFO CAMPOS CARRASCO
925,ASUNCION FRANCISCA GIMENEZ SANTIAGO
926,TERESA CELIA RAMIREZ HERNANDEZ
927,VICENTA PAULA RAMIREZ AGUILAR
928,EMILIANO JOAQUIM MARIN HERNANDEZ
929,OTILIA VERONICA MONTERO VELASCO
930,BARBARA ASUNCION RUBIO CABALLERO
931,ASCENSION INMACULADA RAMOS VIDAL
932,NURIA CONCEPCION FUENTES CARMONA
933,SILVIA CANDIDA FUENTES CABRERA
934,ANANIAS ALBA CRESPO PEREZ
935,TIMOTEO MARIANO LEON CABRERA
936,LORENA AURORA FERNANDEZ MORALES
937,GISELA GEMA LOZANO CORTES
938,BEATRIZ CLOTILDE CARRASCO SANZ
939,LORENA NURIA TORRES SANCHEZ
940,ELENA LEOCADIA ROMERO MOYA
941,LEANDRO COLUMBANO ALONSO REYES
942,BELTRAN HONORATO CARRASCO VEGA
943,NORBERTO PATRICIO MONTERO RUBIO
944,ALFREDO MARCELINO HERNANDEZ PASCUAL
945,UBALDO EZEQUIEL GUERRERO LOZANO
946,SILVIA VERONICA GARRIDO FLORES
947,JORDI CAMILO SUAREZ DIAZ
948,NATALIA ISABEL SOTO REYES
949,ASCENSION RAQUEL SOTO GIMENEZ
950,PATRICIA CECILIA CARMONA ORTEGA
951,ANA PILAR MORENO SUAREZ
952,OLGA ROSA SUAREZ SOTO
953,OTILIA ELENA NAVARRO ORTEGA
954,AURELIA ELISA VIDAL MORALES
955,REBECA ALBA HERRERA GUERRERO
956,URSULA ADELAIDA JIMENEZ SOTO
957,ROSARIO ANTONIA TORRES SERRANO
958,CLAUDIA AMELIA MORA MARIN
959,MARTA PATRICIA DOMINGUEZ MENDEZ
960,NOELIA CONCEPCION AGUILAR CABRERA
961,TRINIDAD MAGDALENA HERNANDEZ LOZANO
962,MIGUEL BENEDICTO DIEZ LEON
963,VIRGINIA LORENA CASTILLO TORRES
964,INMACULADA LORENA GARCIA CRUZ
965,COSME BELTRAN SUAREZ VICENTE
966,SALOME EPIFANIA SOLER VAZQUEZ
967,ANGELA ELISA FERNANDEZ MORA
968,ELENA GERTRUDIS CRESPO AGUILAR
969,HILDEGARDA PETRONILA LOZANO DIAZ
970,LAUREANO RICARDO CRUZ VICENTE
971,CARMEN ASUNCION GARCIA RAMOS
972,CLARA GEMA FLORES GALLARDO
973,VIDAL PURIFICACION FERRER CRESPO
974,ANA SUSANA MARTIN GALLEGO
975,SOLEDAD EVA DIEZ CARRASCO
976,IRENE SUSANA PASCUAL ROMERO
977,CELIA BLANCA SOTO CARMONA
978,LORENA AMELIA FERNANDEZ SANTIAGO
979,SONIA ANTONIA VELASCO LOZANO
980,LUCIA VANESA DIAZ VICENTE
981,FABIOLA SANDRA CARMONA MOYA
982,DAVID FEDERICO DIEZ HIDALGO
983,CLAUDIA ASCENSION ESTEBAN GIL
984,PEDRO ATANASIO GIMENEZ GOMEZ
985,OTILIA MARINA MOYA VIDAL
986,ABEL ROBERTO PARRA GUERRERO
987,BERNABE HOMERO MONTERO GONZALEZ
988,GISELA VICTORIA SAEZ ALONSO
989,BENIGNO CIRO RODRIGUEZ PEREZ
990,HUMBERTO MELCHOR FERRER CAMBIL
991,GUADALUPE ESTER ALONSO ESTEBAN
992,AUREA GENOVEVA PASTOR CRUZ
993,MATILDE ARIADNA GALLARDO CABRERA
994,ALONSO SALVIO CRUZ SOLER
995,XAVIER RIGOBERTO RODRIGUEZ CARMONA
996,ADELAIDA ANANIAS CASTRO MONTORO
997,FRANCISCA NATIVIDAD RAMOS GALLARDO
998,ALBA ESTHER DURAN CABRERA
999,CECILIA AURORA RODRIGUEZ CALVO
1000,NURIA CANDIDA VARGAS BENITEZ
1001,ISABEL VICENTA DIEZ GIMENEZ
1002,JONATHAN JACINTO MORA SOTO
1003,VANESA LUCRECIA SANZ ALONSO
1004,CARINA CONSUELO GUTIERREZ SANTOS
1005,INMACULADA CLARA PASCUAL MARTINEZ
1006,GISELA GEMA DELGADO DIAZ
1007,YOLANDA OTILIA RAMOS GIL
1008,RAQUEL MARINA MORENO PARRA
1009,LEONCIO VELERIO GONZALEZ VEGA
1010,PAULA ELENA ALONSO LOPEZ
1011,BARBARA OTILIA CAMPOS FLORES
1012,ANGEL LEANDRO MONTORO GARCIA
1013,CELIA ASUNCION VARGAS DURAN
1014,VIRGINIA ASCENSION FLORES VICENTE
1015,MARTA CARINA GUTIERREZ ROMERO
1016,GUILLERMO ISIDRO IGLESIAS HIDALGO
1017,ROSENDO EDUVIGIS RUIZ VARGAS
1018,MIGUEL RUFO FUENTES MORALES
1019,ANGELA ALBA PRIETO MEDINA
1020,SILVIA VIDAL FERNANDEZ RUBIO
1021,EMILIA MILAGROS CANO BENITEZ
1022,ARACELI CELIA CAMPOS BLANCO
1023,ALBA ADELAIDA SANTANA ROMAN
1024,RITA MILAGROS ORTEGA MARQUEZ
1025,ESPERANZA ANDREA MEDINA RUBIO
1026,LEON JACOB RODRIGUEZ CRESPO
1027,REBECA ARIADNA MONTERO FUENTES
1028,ASCENSION MANUELA LOZANO BLESA
1029,RITA INMACULADA CABRERA GOMEZ
1030,ALBA LAURA MONTORO LOPEZ
1031,CASIMIRO PONCIO GIL SANTOS
1032,BELEN CECILIA SOTO IGLESIAS
1033,TRINIDAD ALBA MEDINA SUAREZ
1034,MIRIAM ASCENSION FLORES SUAREZ
1035,ELVIRA ARACELI VIDAL VICENTE
1036,CRISTINA CARINA ALONSO GIL
1037,MATIAS JOSEP PEREZ CALVO
1038,ISABEL CONCEPCION CRUZ PARRA
1039,BEATRIZ EMILIA MARTIN CASTRO
1040,ERICO MOISES JIMENEZ FLORES
1041,SILVIA MONTSERRAT AGUILAR GOMEZ
1042,REBECA VIDAL NIETO GOMEZ
1043,IVAN MARTIN CANO MORENO
1044,ROSA BELEN CRUZ DELGADO
1045,LIDUVINA ASCENSION GUTIERREZ DOMINGUEZ
1046,JOSE ANIANO GALLEGO BENITEZ
1047,IGNACIO VIRGILIO DIEZ FERNANDEZ
1048,OTILIA REMEDIOS LOZANO CARRASCO
1049,NARCISO REINALDO GIMENEZ CASTRO
1050,ANTONIA AUREA GARCIA MONTERO
1051,MARCELINO ADAN FERNANDEZ LEON
1052,ILDEFONSO DANIEL FERRER PASCUAL
1053,VICENTE MARIA CANO MEDINA
1054,MAGDALENA INMACULADA RAMOS CORTES
1055,HUGO OCTAVIO SOLER GALLEGO
1056,MANUELA EUGENIA REYES CASTILLO
1057,LORENA CARINA HERRERO RODRIGUEZ
1058,CLARA NOELIA BLESA RUIZ
1059,VIDAL SANDRA CABALLERO VEGA
1060,SOFIA EMILIA GUERRERO JIMENEZ
1061,ELENA EULALIA CABRERA MOYA
1062,MACARIO FERNANDO BLANCO HERNANDEZ
